[
  {
    "model": "auth.user",
    "pk": 1,
    "fields": {
      "password": "pbkdf2_sha256$720000$o8d4e9DmP160SlntZmgWHa$0eyCcXsvLr9OsAuId2T9qmM8HfVzHLfSWVdjoj8uZ6g=",
      "last_login": "2024-09-08T08:18:07.312Z",
      "is_superuser": true,
      "username": "admin",
      "first_name": "Petr",
      "last_name": "Ivanov",
      "email": "asdasda@mail.ru",
      "is_staff": true,
      "is_active": true,
      "date_joined": "2024-07-27T09:40:01.052Z",
      "groups": [],
      "user_permissions": []
    }
  },
  {
    "model": "auth.user",
    "pk": 2,
    "fields": {
      "password": "pbkdf2_sha256$720000$bnxUarq8pZPG9xQA8Js3RQ$+Kxv7Icy0iieRugaiM38IFkas8HrB88gPPEuHZpLE78=",
      "last_login": "2024-09-02T14:40:08.243Z",
      "is_superuser": false,
      "username": "bob12",
      "first_name": "artem",
      "last_name": "",
      "email": "",
      "is_staff": false,
      "is_active": true,
      "date_joined": "2024-09-02T14:40:06.122Z",
      "groups": [],
      "user_permissions": []
    }
  },
  {
    "model": "auth.user",
    "pk": 3,
    "fields": {
      "password": "pbkdf2_sha256$720000$yaPBHfNaLbwYiz96cUtler$NyKayZa9/OaKvB66jXmNPJAEgTq+kwr3oEbq7ZnpO+A=",
      "last_login": "2024-09-02T19:57:47.487Z",
      "is_superuser": false,
      "username": "rutune",
      "first_name": "Рутун",
      "last_name": "Иванов",
      "email": "Rutune@mail.ru",
      "is_staff": false,
      "is_active": true,
      "date_joined": "2024-09-02T19:57:45.516Z",
      "groups": [],
      "user_permissions": []
    }
  },
  {
    "model": "taggit.tag",
    "pk": 1,
    "fields": {
      "name": "Laptops",
      "slug": "laptops"
    }
  },
  {
    "model": "taggit.tag",
    "pk": 2,
    "fields": {
      "name": "Gaming",
      "slug": "gaming"
    }
  },
  {
    "model": "taggit.tag",
    "pk": 3,
    "fields": {
      "name": "smartphone",
      "slug": "smartphone"
    }
  },
  {
    "model": "taggit.tag",
    "pk": 5,
    "fields": {
      "name": "photo",
      "slug": "photo"
    }
  },
  {
    "model": "taggit.taggeditem",
    "pk": 1,
    "fields": {
      "tag": 1,
      "content_type": 10,
      "object_id": 1
    }
  },
  {
    "model": "taggit.taggeditem",
    "pk": 2,
    "fields": {
      "tag": 2,
      "content_type": 10,
      "object_id": 1
    }
  },
  {
    "model": "taggit.taggeditem",
    "pk": 3,
    "fields": {
      "tag": 3,
      "content_type": 10,
      "object_id": 5
    }
  },
  {
    "model": "taggit.taggeditem",
    "pk": 5,
    "fields": {
      "tag": 1,
      "content_type": 10,
      "object_id": 7
    }
  },
  {
    "model": "taggit.taggeditem",
    "pk": 6,
    "fields": {
      "tag": 5,
      "content_type": 10,
      "object_id": 8
    }
  },
  {
    "model": "taggit.taggeditem",
    "pk": 7,
    "fields": {
      "tag": 5,
      "content_type": 10,
      "object_id": 7
    }
  },
  {
    "model": "taggit.taggeditem",
    "pk": 8,
    "fields": {
      "tag": 5,
      "content_type": 10,
      "object_id": 9
    }
  },
  {
    "model": "accountapp.profile",
    "pk": 6,
    "fields": {
      "user": 1,
      "middle_name": "Alesandrovich",
      "phone": "+78802000600",
      "avatar": "profile/user_admin/avatar/THE-BEST-FREE-SOFTWARE-FOR-YOUR-PC.jpg"
    }
  },
  {
    "model": "accountapp.profile",
    "pk": 7,
    "fields": {
      "user": 2,
      "middle_name": "",
      "phone": null,
      "avatar": ""
    }
  },
  {
    "model": "accountapp.profile",
    "pk": 8,
    "fields": {
      "user": 3,
      "middle_name": "Ивананович",
      "phone": "+78807000600",
      "avatar": "profile/user_rutune/avatar/THE-BEST-FREE-SOFTWARE-FOR-YOUR-PC.jpg"
    }
  },
  {
    "model": "shopapp.category",
    "pk": 1,
    "fields": {
      "title": "Компьютерная техника",
      "image": "categories/category_1/pc-computer-with-monitor_icon-icons.com_56249.png",
      "parent": null
    }
  },
  {
    "model": "shopapp.category",
    "pk": 2,
    "fields": {
      "title": "ноутбуки",
      "image": "categories/category_2/laptop_78931.png",
      "parent": 1
    }
  },
  {
    "model": "shopapp.category",
    "pk": 3,
    "fields": {
      "title": "Смартфоны и фотоаппараты",
      "image": "categories/category_None/icons8multiplesmartphones_101617.png",
      "parent": null
    }
  },
  {
    "model": "shopapp.category",
    "pk": 4,
    "fields": {
      "title": "Смартфоны",
      "image": "categories/category_4/077mobile_101493.png",
      "parent": 3
    }
  },
  {
    "model": "shopapp.category",
    "pk": 5,
    "fields": {
      "title": "Фотоаппараты",
      "image": "categories/category_None/photocameraoutline_80020.png",
      "parent": 3
    }
  },
  {
    "model": "shopapp.product",
    "pk": 1,
    "fields": {
      "category": 2,
      "title": "Lang",
      "description": "Cool laptop",
      "price": "50000.00",
      "date": "2024-08-06T12:41:14.486Z",
      "count": 2,
      "freeDelivery": true,
      "available": true,
      "count_in_stock": 18,
      "limited": false
    }
  },
  {
    "model": "shopapp.product",
    "pk": 5,
    "fields": {
      "category": 4,
      "title": "Smartphone",
      "description": "Cool Smartphone iphone 15",
      "price": "4000.00",
      "date": "2024-08-07T17:53:53.426Z",
      "count": 10,
      "freeDelivery": false,
      "available": true,
      "count_in_stock": 20,
      "limited": false
    }
  },
  {
    "model": "shopapp.product",
    "pk": 7,
    "fields": {
      "category": 2,
      "title": "New dashboard",
      "description": "dfdsfdsfdsfdsfdsfdsfds",
      "price": "1000.00",
      "date": "2024-08-11T18:59:32.143Z",
      "count": 10,
      "freeDelivery": false,
      "available": true,
      "count_in_stock": 20,
      "limited": false
    }
  },
  {
    "model": "shopapp.product",
    "pk": 8,
    "fields": {
      "category": 5,
      "title": "Фотоаппарат",
      "description": "лучший фотоаппарат canon",
      "price": "10000.00",
      "date": "2024-08-12T21:12:41.809Z",
      "count": 10,
      "freeDelivery": false,
      "available": true,
      "count_in_stock": 20,
      "limited": false
    }
  },
  {
    "model": "shopapp.product",
    "pk": 9,
    "fields": {
      "category": 5,
      "title": "Компактный фотоаппарат",
      "description": "Высококачественная компактная камера Canon Digital IXUS 285 HS исполнена в практичном черном цвете. Пластиковый корпус повышенной прочности надежно предохранит уязвимую электронику агрегата при его возможных падениях с небольшой высоты. Вес модели составляет всего 147 г. Вы с легкостью сможете всегда иметь фотоаппарат в сумке или в рюкзаке, чтобы в подходящий момент извлечь его и сделать снимок.\r\nCanon Digital IXUS 285 HS поставляется совместно с аккумулятором, фирменным зарядным устройством, а также крепким ремешком. Последний позволит надежно зафиксировать аппарат на запястье. Аккумулятор типа NB-11LH после полного цикла зарядки позволит Вам сделать 180 фото. Более того, модель способна делать видео в формате Full HD. Максимальное время ролика может составлять 60 мин.",
      "price": "48299.00",
      "date": "2024-09-09T09:46:26.747Z",
      "count": 3,
      "freeDelivery": false,
      "available": true,
      "count_in_stock": 3,
      "limited": true
    }
  },
  {
    "model": "shopapp.reviews",
    "pk": 1,
    "fields": {
      "text": "выавыа",
      "product": 1,
      "author": 1,
      "date": "2024-08-06T19:17:14.496Z",
      "rate": 5
    }
  },
  {
    "model": "shopapp.reviews",
    "pk": 6,
    "fields": {
      "text": "dsf",
      "product": 8,
      "author": 1,
      "date": "2024-08-14T20:17:20.944Z",
      "rate": 5
    }
  },
  {
    "model": "shopapp.reviews",
    "pk": 7,
    "fields": {
      "text": "dsf",
      "product": 8,
      "author": 1,
      "date": "2024-08-14T20:17:51.842Z",
      "rate": 5
    }
  },
  {
    "model": "shopapp.reviews",
    "pk": 8,
    "fields": {
      "text": "dgthgj",
      "product": 8,
      "author": 1,
      "date": "2024-08-14T20:20:29.234Z",
      "rate": 5
    }
  },
  {
    "model": "shopapp.reviews",
    "pk": 9,
    "fields": {
      "text": "Все норм",
      "product": 8,
      "author": 1,
      "date": "2024-08-14T20:21:53.081Z",
      "rate": 5
    }
  },
  {
    "model": "shopapp.reviews",
    "pk": 10,
    "fields": {
      "text": "dsfds",
      "product": 8,
      "author": 1,
      "date": "2024-08-14T20:28:57.601Z",
      "rate": 5
    }
  },
  {
    "model": "shopapp.reviews",
    "pk": 11,
    "fields": {
      "text": "dfgdfg",
      "product": 8,
      "author": 1,
      "date": "2024-08-14T20:37:38.686Z",
      "rate": 5
    }
  },
  {
    "model": "shopapp.reviews",
    "pk": 13,
    "fields": {
      "text": "Плохой ноут не берите, пожалел о покупке",
      "product": 1,
      "author": 1,
      "date": "2024-08-20T17:09:03.690Z",
      "rate": 1
    }
  },
  {
    "model": "shopapp.reviews",
    "pk": 14,
    "fields": {
      "text": "Могу сказать, что данный товар слишком дорогой идите лесом с такими ценами ",
      "product": 1,
      "author": 1,
      "date": "2024-08-26T16:20:23.918Z",
      "rate": 2
    }
  },
  {
    "model": "shopapp.reviews",
    "pk": 15,
    "fields": {
      "text": "Ноут, слишком классный, но я слишком нищий",
      "product": 1,
      "author": 1,
      "date": "2024-08-26T16:22:30.311Z",
      "rate": 1
    }
  },
  {
    "model": "shopapp.reviews",
    "pk": 16,
    "fields": {
      "text": "Фотографирует нормально",
      "product": 8,
      "author": 1,
      "date": "2024-08-26T18:33:58.368Z",
      "rate": 5
    }
  },
  {
    "model": "shopapp.reviews",
    "pk": 17,
    "fields": {
      "text": "Фоткает хорошо",
      "product": 8,
      "author": 1,
      "date": "2024-08-26T18:38:44.142Z",
      "rate": 5
    }
  },
  {
    "model": "shopapp.reviews",
    "pk": 18,
    "fields": {
      "text": "выавыавыавыа",
      "product": 8,
      "author": 1,
      "date": "2024-08-26T18:45:58.970Z",
      "rate": 1
    }
  },
  {
    "model": "shopapp.reviews",
    "pk": 19,
    "fields": {
      "text": "sdfdsf",
      "product": 8,
      "author": 1,
      "date": "2024-08-26T18:49:34.215Z",
      "rate": 5
    }
  },
  {
    "model": "shopapp.reviews",
    "pk": 20,
    "fields": {
      "text": "sadasdasd",
      "product": 8,
      "author": 1,
      "date": "2024-08-26T18:51:13.950Z",
      "rate": 5
    }
  },
  {
    "model": "shopapp.reviews",
    "pk": 21,
    "fields": {
      "text": "sdfdsfdsf",
      "product": 8,
      "author": 1,
      "date": "2024-08-26T18:52:57.025Z",
      "rate": 5
    }
  },
  {
    "model": "shopapp.reviews",
    "pk": 22,
    "fields": {
      "text": "sdfsdfdsf",
      "product": 8,
      "author": 1,
      "date": "2024-08-26T18:54:51.210Z",
      "rate": 5
    }
  },
  {
    "model": "shopapp.reviews",
    "pk": 23,
    "fields": {
      "text": "dsfsdfdsf",
      "product": 8,
      "author": 1,
      "date": "2024-08-26T18:57:08.789Z",
      "rate": 5
    }
  },
  {
    "model": "shopapp.reviews",
    "pk": 24,
    "fields": {
      "text": "dsfdsf",
      "product": 8,
      "author": 1,
      "date": "2024-08-26T19:11:59.713Z",
      "rate": 5
    }
  },
  {
    "model": "shopapp.reviews",
    "pk": 25,
    "fields": {
      "text": "Нормальный телефон, и за такую цену",
      "product": 5,
      "author": 3,
      "date": "2024-09-02T20:05:18.414Z",
      "rate": 5
    }
  },
  {
    "model": "shopapp.reviews",
    "pk": 26,
    "fields": {
      "text": "string",
      "product": 5,
      "author": 1,
      "date": "2024-09-09T08:04:34.067Z",
      "rate": 4
    }
  },
  {
    "model": "shopapp.specification",
    "pk": 1,
    "fields": {
      "name": "OS",
      "value": "Windows",
      "product": [
        7
      ]
    }
  },
  {
    "model": "shopapp.specification",
    "pk": 2,
    "fields": {
      "name": "OS",
      "value": "IOS 18",
      "product": [
        5
      ]
    }
  },
  {
    "model": "shopapp.specification",
    "pk": 3,
    "fields": {
      "name": "screen",
      "value": "APS",
      "product": []
    }
  },
  {
    "model": "shopapp.specification",
    "pk": 6,
    "fields": {
      "name": "диагональ экрана",
      "value": "17.3",
      "product": [
        1,
        7
      ]
    }
  },
  {
    "model": "shopapp.specification",
    "pk": 7,
    "fields": {
      "name": "OS",
      "value": "Windows 11",
      "product": [
        1
      ]
    }
  },
  {
    "model": "shopapp.specification",
    "pk": 8,
    "fields": {
      "name": "Матрица",
      "value": "IPS",
      "product": [
        1,
        5,
        7
      ]
    }
  },
  {
    "model": "shopapp.specification",
    "pk": 9,
    "fields": {
      "name": "Линза",
      "value": "Глянцевая",
      "product": [
        8,
        9
      ]
    }
  },
  {
    "model": "shopapp.specification",
    "pk": 10,
    "fields": {
      "name": "Тип",
      "value": "компактный фотоаппарат",
      "product": [
        9
      ]
    }
  },
  {
    "model": "shopapp.specification",
    "pk": 11,
    "fields": {
      "name": "модель",
      "value": "Canon Digital IXUS 285 HS",
      "product": [
        9
      ]
    }
  },
  {
    "model": "shopapp.specification",
    "pk": 12,
    "fields": {
      "name": "Общее число пикселей",
      "value": "21.1 Мп",
      "product": [
        9
      ]
    }
  },
  {
    "model": "shopapp.specification",
    "pk": 13,
    "fields": {
      "name": "тип матрицы",
      "value": "CMOS",
      "product": [
        9
      ]
    }
  },
  {
    "model": "shopapp.imagesproduct",
    "pk": 6,
    "fields": {
      "product": 1,
      "image": "products/product_1/images/728a59cc06b838a3e15acbbdde289294ac05e908308167da9628fa3f7ad9222a.jpg"
    }
  },
  {
    "model": "shopapp.imagesproduct",
    "pk": 7,
    "fields": {
      "product": 1,
      "image": "products/product_1/images/07efead2ca2628e0014487e98578e23f5106d593acea4bf99153ec5c95c9b31b.jpg"
    }
  },
  {
    "model": "shopapp.imagesproduct",
    "pk": 8,
    "fields": {
      "product": 1,
      "image": "products/product_1/images/00531b8fd5741f428c0666e46e44347488eed017c0dc5aae2aeae5809796e3fc.jpg"
    }
  },
  {
    "model": "shopapp.imagesproduct",
    "pk": 9,
    "fields": {
      "product": 1,
      "image": "products/product_1/images/88b9c22cd03ccbb87ef0cbd9b40d90e1ca3bac1013360b91ba73a4882c05c80b.jpg"
    }
  },
  {
    "model": "shopapp.imagesproduct",
    "pk": 10,
    "fields": {
      "product": 5,
      "image": "products/product_5/images/2258685cc32bbd96de406852bd9b2d94916029658cd6fa120a9f97a4bc0af297.jpg"
    }
  },
  {
    "model": "shopapp.imagesproduct",
    "pk": 11,
    "fields": {
      "product": 5,
      "image": "products/product_5/images/be0cbf2360c7489de2559c39d58b08e0517a9546502a3bc859b4ee678c42427b.jpg"
    }
  },
  {
    "model": "shopapp.imagesproduct",
    "pk": 12,
    "fields": {
      "product": 5,
      "image": "products/product_5/images/6e73e4d1de3f4e55914bfa3e658b71fe56ec5cfd98e1e38e1dcbaef293dd0c6c.jpg"
    }
  },
  {
    "model": "shopapp.imagesproduct",
    "pk": 13,
    "fields": {
      "product": 5,
      "image": "products/product_5/images/712f29edfb356bb1be9e872dc4b8cdc70be18a81182698eeae7b431083d8b009.jpg"
    }
  },
  {
    "model": "shopapp.imagesproduct",
    "pk": 14,
    "fields": {
      "product": 5,
      "image": "products/product_5/images/0618ce76feb9d36deefd8c81f404e2f30be58f754eeae668c91dad47a48f4eed.jpg"
    }
  },
  {
    "model": "shopapp.imagesproduct",
    "pk": 15,
    "fields": {
      "product": 5,
      "image": "products/product_5/images/2bf0b010ed6934a412d74ac8b89da4d3e719e8f1b299fd3c745b4ea00fcd8a71.jpg"
    }
  },
  {
    "model": "shopapp.imagesproduct",
    "pk": 17,
    "fields": {
      "product": 7,
      "image": "products/product_7/images/isometric-laptop-analysis-information-futuristic-concept-vector.jpg"
    }
  },
  {
    "model": "shopapp.imagesproduct",
    "pk": 18,
    "fields": {
      "product": 8,
      "image": "products/product_8/images/a6965dcbddcec201c585a38bfdc5f489c8d2621bca568fb91ce1231f088e8abd.jpg"
    }
  },
  {
    "model": "shopapp.imagesproduct",
    "pk": 19,
    "fields": {
      "product": 8,
      "image": "products/product_8/images/52134dfccd329f6b06ded37ab11d74c38eb476852524c9d49363d03a17055752.jpg"
    }
  },
  {
    "model": "shopapp.imagesproduct",
    "pk": 20,
    "fields": {
      "product": 8,
      "image": "products/product_8/images/794e8ac7eb1dc6e8ca28146b2456707f69f58425f62099cb76438350128daab0.jpg"
    }
  },
  {
    "model": "shopapp.imagesproduct",
    "pk": 21,
    "fields": {
      "product": 8,
      "image": "products/product_8/images/4082b90fec877eedfd040e383f5cd79eac6622efc56dd0a87a2a2fc7c8d81e3e.jpg"
    }
  },
  {
    "model": "shopapp.imagesproduct",
    "pk": 22,
    "fields": {
      "product": 8,
      "image": "products/product_8/images/76383c18bc095eec25c053a5559e6625fae613824ac3b746e7a518ec2c0c6009.jpg"
    }
  },
  {
    "model": "shopapp.imagesproduct",
    "pk": 23,
    "fields": {
      "product": 8,
      "image": "products/product_8/images/ce61f1bc18cff6ea35843530d76c647a715ed226ba0c801f6a1822d87412e1cd.jpg"
    }
  },
  {
    "model": "shopapp.imagesproduct",
    "pk": 24,
    "fields": {
      "product": 8,
      "image": "products/product_8/images/d3edf7deafa8667adc1cdb037e2f6f4d762a3b695ab76cf5f45ef4921094b3e4.jpg"
    }
  },
  {
    "model": "shopapp.imagesproduct",
    "pk": 25,
    "fields": {
      "product": 9,
      "image": "products/product_9/images/dbcc51f9478aa90185503c051b16a97018ec060173a15b130578fdd7434e56ac.jpg"
    }
  },
  {
    "model": "shopapp.imagesproduct",
    "pk": 26,
    "fields": {
      "product": 9,
      "image": "products/product_9/images/75b6b78694af900b50b590934aaf4eeea143cab9bc9a2f53bd9e624b1f7cb314.jpg"
    }
  },
  {
    "model": "shopapp.imagesproduct",
    "pk": 27,
    "fields": {
      "product": 9,
      "image": "products/product_9/images/2ad2115b232a17a9cc76b25bb898fe13835f721c19779886ff04bfdcd512c947.jpg"
    }
  },
  {
    "model": "shopapp.imagesproduct",
    "pk": 28,
    "fields": {
      "product": 9,
      "image": "products/product_9/images/e1618a07eb36f03bc8f8951d8eff943f8771055a017ecce03cfa739d139a61a9.jpg"
    }
  },
  {
    "model": "shopapp.imagesproduct",
    "pk": 29,
    "fields": {
      "product": 9,
      "image": "products/product_9/images/bd204c461aa4ed3eebac14f8e6145e510ffcb95a980874df9ba9f86455ded1cb.jpg"
    }
  },
  {
    "model": "shopapp.imagesproduct",
    "pk": 30,
    "fields": {
      "product": 9,
      "image": "products/product_9/images/059894fa760d3d089ae6c894dd8dcb08a7840ef9a2235c765dab1bdbc3c5a0ce.jpg"
    }
  },
  {
    "model": "shopapp.imagesproduct",
    "pk": 31,
    "fields": {
      "product": 9,
      "image": "products/product_9/images/509aed997a65df399d72ab01039d2c6579e78fe59d181a6e9faf5e0cec4487c4.jpg"
    }
  },
  {
    "model": "shopapp.imagesproduct",
    "pk": 32,
    "fields": {
      "product": 9,
      "image": "products/product_9/images/da39a6003b7b33c5aeb551c06a919116858fe881b319aa1058b0bfe3e8f77787.jpg"
    }
  },
  {
    "model": "shopapp.imagesproduct",
    "pk": 33,
    "fields": {
      "product": 9,
      "image": "products/product_9/images/32d087d861666defd7f48c5390f89061a54db3aa7d00cfc7d1476b11366ae7d9.jpg"
    }
  }
]